{"frames": [

{
	"filename": "BlackBelt.png",
	"frame": {"x":1161,"y":813,"w":464,"h":451},
	"rotated": true,
	"trimmed": false,
	"spriteSourceSize": {"x":0,"y":0,"w":464,"h":451},
	"sourceSize": {"w":464,"h":451},
	"pivot": {"x":0.5,"y":0.5}
},
{
	"filename": "BlackRoundedSquare.png",
	"frame": {"x":1429,"y":1727,"w":273,"h":124},
	"rotated": true,
	"trimmed": false,
	"spriteSourceSize": {"x":0,"y":0,"w":273,"h":124},
	"sourceSize": {"w":273,"h":124},
	"pivot": {"x":0.5,"y":0.5}
},
{
	"filename": "Gear icon.png",
	"frame": {"x":1555,"y":1986,"w":59,"h":59},
	"rotated": false,
	"trimmed": false,
	"spriteSourceSize": {"x":0,"y":0,"w":59,"h":59},
	"sourceSize": {"w":59,"h":59},
	"pivot": {"x":0.5,"y":0.5}
},
{
	"filename": "GreenBelt.png",
	"frame": {"x":1614,"y":813,"w":432,"h":433},
	"rotated": false,
	"trimmed": false,
	"spriteSourceSize": {"x":0,"y":0,"w":432,"h":433},
	"sourceSize": {"w":432,"h":433},
	"pivot": {"x":0.5,"y":0.5}
},
{
	"filename": "HeartIcon_small.png",
	"frame": {"x":1555,"y":1727,"w":62,"h":64},
	"rotated": false,
	"trimmed": false,
	"spriteSourceSize": {"x":0,"y":0,"w":62,"h":64},
	"sourceSize": {"w":62,"h":64},
	"pivot": {"x":0.5,"y":0.5}
},
{
	"filename": "Music icon.png",
	"frame": {"x":1296,"y":1973,"w":50,"h":61},
	"rotated": true,
	"trimmed": false,
	"spriteSourceSize": {"x":0,"y":0,"w":50,"h":61},
	"sourceSize": {"w":50,"h":61},
	"pivot": {"x":0.5,"y":0.5}
},
{
	"filename": "NavItemIndicator.png",
	"frame": {"x":1555,"y":1858,"w":62,"h":62},
	"rotated": false,
	"trimmed": false,
	"spriteSourceSize": {"x":0,"y":0,"w":62,"h":62},
	"sourceSize": {"w":62,"h":62},
	"pivot": {"x":0.5,"y":0.5}
},
{
	"filename": "OrangeBelt.png",
	"frame": {"x":1621,"y":1248,"w":411,"h":414},
	"rotated": false,
	"trimmed": false,
	"spriteSourceSize": {"x":0,"y":0,"w":411,"h":414},
	"sourceSize": {"w":411,"h":414},
	"pivot": {"x":0.5,"y":0.5}
},
{
	"filename": "PlusIcon.png",
	"frame": {"x":1226,"y":1973,"w":67,"h":68},
	"rotated": true,
	"trimmed": false,
	"spriteSourceSize": {"x":0,"y":0,"w":67,"h":68},
	"sourceSize": {"w":67,"h":68},
	"pivot": {"x":0.5,"y":0.5}
},
{
	"filename": "Reload icon.png",
	"frame": {"x":1555,"y":1922,"w":62,"h":57},
	"rotated": true,
	"trimmed": false,
	"spriteSourceSize": {"x":0,"y":0,"w":62,"h":57},
	"sourceSize": {"w":62,"h":57},
	"pivot": {"x":0.5,"y":0.5}
},
{
	"filename": "Shared/glowThing1.png",
	"frame": {"x":2,"y":2,"w":1157,"h":1656},
	"rotated": false,
	"trimmed": false,
	"spriteSourceSize": {"x":0,"y":0,"w":1157,"h":1656},
	"sourceSize": {"w":1157,"h":1656},
	"pivot": {"x":0.5,"y":0.5}
},
{
	"filename": "Sound icon.png",
	"frame": {"x":1359,"y":1973,"w":59,"h":52},
	"rotated": true,
	"trimmed": false,
	"spriteSourceSize": {"x":0,"y":0,"w":59,"h":52},
	"sourceSize": {"w":59,"h":52},
	"pivot": {"x":0.5,"y":0.5}
},
{
	"filename": "StartEndLevelScreen/body_sitting.png",
	"frame": {"x":1086,"y":1727,"w":244,"h":341},
	"rotated": true,
	"trimmed": false,
	"spriteSourceSize": {"x":0,"y":0,"w":244,"h":341},
	"sourceSize": {"w":244,"h":341},
	"pivot": {"x":0.5,"y":0.5}
},
{
	"filename": "StartEndLevelScreen/head_happy.png",
	"frame": {"x":1631,"y":418,"w":363,"h":399},
	"rotated": true,
	"trimmed": false,
	"spriteSourceSize": {"x":0,"y":0,"w":363,"h":399},
	"sourceSize": {"w":363,"h":399},
	"pivot": {"x":0.5,"y":0.5}
},
{
	"filename": "StartEndLevelScreen/head_smile.png",
	"frame": {"x":2,"y":1660,"w":363,"h":399},
	"rotated": true,
	"trimmed": false,
	"spriteSourceSize": {"x":0,"y":0,"w":363,"h":399},
	"sourceSize": {"w":363,"h":399},
	"pivot": {"x":0.5,"y":0.5}
},
{
	"filename": "StartEndLevelScreen/head_suprised.png",
	"frame": {"x":1621,"y":1664,"w":363,"h":405},
	"rotated": true,
	"trimmed": false,
	"spriteSourceSize": {"x":0,"y":0,"w":363,"h":405},
	"sourceSize": {"w":363,"h":405},
	"pivot": {"x":0.5,"y":0.5}
},
{
	"filename": "StartEndLevelScreen/head_unpleased.png",
	"frame": {"x":403,"y":1660,"w":363,"h":387},
	"rotated": true,
	"trimmed": false,
	"spriteSourceSize": {"x":0,"y":0,"w":363,"h":387},
	"sourceSize": {"w":363,"h":387},
	"pivot": {"x":0.5,"y":0.5}
},
{
	"filename": "TextBackground.png",
	"frame": {"x":1161,"y":2,"w":809,"h":468},
	"rotated": true,
	"trimmed": false,
	"spriteSourceSize": {"x":0,"y":0,"w":809,"h":468},
	"sourceSize": {"w":809,"h":468},
	"pivot": {"x":0.5,"y":0.5}
},
{
	"filename": "Tile_Red.png",
	"frame": {"x":888,"y":1959,"w":90,"h":87},
	"rotated": false,
	"trimmed": false,
	"spriteSourceSize": {"x":0,"y":0,"w":90,"h":87},
	"sourceSize": {"w":90,"h":87},
	"pivot": {"x":0.5,"y":0.5}
},
{
	"filename": "Tile_Tan.png",
	"frame": {"x":980,"y":1959,"w":90,"h":87},
	"rotated": false,
	"trimmed": false,
	"spriteSourceSize": {"x":0,"y":0,"w":90,"h":87},
	"sourceSize": {"w":90,"h":87},
	"pivot": {"x":0.5,"y":0.5}
},
{
	"filename": "UnrankedBelt.png",
	"frame": {"x":1631,"y":2,"w":411,"h":414},
	"rotated": false,
	"trimmed": false,
	"spriteSourceSize": {"x":0,"y":0,"w":411,"h":414},
	"sourceSize": {"w":411,"h":414},
	"pivot": {"x":0.5,"y":0.5}
},
{
	"filename": "WhiteBelt.png",
	"frame": {"x":1161,"y":1279,"w":458,"h":446},
	"rotated": false,
	"trimmed": false,
	"spriteSourceSize": {"x":0,"y":0,"w":458,"h":446},
	"sourceSize": {"w":458,"h":446},
	"pivot": {"x":0.5,"y":0.5}
},
{
	"filename": "beltBlockBackground.png",
	"frame": {"x":1151,"y":1973,"w":71,"h":73},
	"rotated": true,
	"trimmed": false,
	"spriteSourceSize": {"x":0,"y":0,"w":71,"h":73},
	"sourceSize": {"w":71,"h":73},
	"pivot": {"x":0.5,"y":0.5}
},
{
	"filename": "checkbox.png",
	"frame": {"x":1086,"y":1660,"w":64,"h":68},
	"rotated": true,
	"trimmed": false,
	"spriteSourceSize": {"x":0,"y":0,"w":64,"h":68},
	"sourceSize": {"w":64,"h":68},
	"pivot": {"x":0.5,"y":0.5}
},
{
	"filename": "checkboxComplete.png",
	"frame": {"x":792,"y":1959,"w":94,"h":84},
	"rotated": false,
	"trimmed": false,
	"spriteSourceSize": {"x":0,"y":0,"w":94,"h":84},
	"sourceSize": {"w":94,"h":84},
	"pivot": {"x":0.5,"y":0.5}
},
{
	"filename": "footer_sensai_circle.png",
	"frame": {"x":792,"y":1660,"w":297,"h":292},
	"rotated": true,
	"trimmed": false,
	"spriteSourceSize": {"x":0,"y":0,"w":297,"h":292},
	"sourceSize": {"w":297,"h":292},
	"pivot": {"x":0.5,"y":0.5}
},
{
	"filename": "playBlockBackground.png",
	"frame": {"x":1555,"y":1793,"w":62,"h":63},
	"rotated": false,
	"trimmed": false,
	"spriteSourceSize": {"x":0,"y":0,"w":62,"h":63},
	"sourceSize": {"w":62,"h":63},
	"pivot": {"x":0.5,"y":0.5}
},
{
	"filename": "watchTutorialBlockBackground.png",
	"frame": {"x":1072,"y":1973,"w":77,"h":72},
	"rotated": false,
	"trimmed": false,
	"spriteSourceSize": {"x":0,"y":0,"w":77,"h":72},
	"sourceSize": {"w":77,"h":72},
	"pivot": {"x":0.5,"y":0.5}
}],
"meta": {
	"app": "http://www.codeandweb.com/texturepacker",
	"version": "1.0",
	"image": "gameAssets1.png",
	"format": "RGBA8888",
	"size": {"w":2048,"h":2048},
	"scale": "1",
	"smartupdate": "$TexturePacker:SmartUpdate:a69c6d3c804fa91fc532128650621a35:5628c68f10d7899f7b702891e2d99286:1662196044f7174e593a6a1799a3d468$"
}
}
