{"frames": [

{
	"filename": "BtnFacebookLarge.png",
	"frame": {"x":1795,"y":694,"w":513,"h":102},
	"rotated": true,
	"trimmed": false,
	"spriteSourceSize": {"x":0,"y":0,"w":513,"h":102},
	"sourceSize": {"w":513,"h":102},
	"pivot": {"x":0.5,"y":0.5}
},
{
	"filename": "BtnRed.png",
	"frame": {"x":1636,"y":1211,"w":361,"h":116},
	"rotated": false,
	"trimmed": false,
	"spriteSourceSize": {"x":0,"y":0,"w":361,"h":116},
	"sourceSize": {"w":361,"h":116},
	"pivot": {"x":0.5,"y":0.5}
},
{
	"filename": "BtnYellow.png",
	"frame": {"x":1913,"y":2,"w":361,"h":116},
	"rotated": true,
	"trimmed": false,
	"spriteSourceSize": {"x":0,"y":0,"w":361,"h":116},
	"sourceSize": {"w":361,"h":116},
	"pivot": {"x":0.5,"y":0.5}
},
{
	"filename": "ButtonHint.png",
	"frame": {"x":1636,"y":694,"w":515,"h":157},
	"rotated": true,
	"trimmed": false,
	"spriteSourceSize": {"x":0,"y":0,"w":515,"h":157},
	"sourceSize": {"w":515,"h":157},
	"pivot": {"x":0.5,"y":0.5}
},
{
	"filename": "Outof/Scroll.png",
	"frame": {"x":1522,"y":2,"w":112,"h":1398},
	"rotated": false,
	"trimmed": false,
	"spriteSourceSize": {"x":0,"y":0,"w":112,"h":1398},
	"sourceSize": {"w":112,"h":1398},
	"pivot": {"x":0.5,"y":0.5}
},
{
	"filename": "SegmentedButtonLeft.png",
	"frame": {"x":1636,"y":2,"w":690,"h":111},
	"rotated": true,
	"trimmed": false,
	"spriteSourceSize": {"x":0,"y":0,"w":690,"h":111},
	"sourceSize": {"w":690,"h":111},
	"pivot": {"x":0.5,"y":0.5}
},
{
	"filename": "SegmentedButtonRight.png",
	"frame": {"x":1749,"y":2,"w":690,"h":111},
	"rotated": true,
	"trimmed": false,
	"spriteSourceSize": {"x":0,"y":0,"w":690,"h":111},
	"sourceSize": {"w":690,"h":111},
	"pivot": {"x":0.5,"y":0.5}
},
{
	"filename": "Shared/dialogBackground.png",
	"frame": {"x":2,"y":2,"w":1518,"h":2018},
	"rotated": false,
	"trimmed": false,
	"spriteSourceSize": {"x":0,"y":0,"w":1518,"h":2018},
	"sourceSize": {"w":1518,"h":2018},
	"pivot": {"x":0.5,"y":0.5}
},
{
	"filename": "StartEndLevelScreen/BoyFloat_main.png",
	"frame": {"x":1522,"y":1402,"w":512,"h":592},
	"rotated": false,
	"trimmed": false,
	"spriteSourceSize": {"x":0,"y":0,"w":512,"h":592},
	"sourceSize": {"w":512,"h":592},
	"pivot": {"x":0.5,"y":0.5}
},
{
	"filename": "StartEndLevelScreen/EyesOpenRight.png",
	"frame": {"x":1862,"y":603,"w":174,"h":78},
	"rotated": false,
	"trimmed": false,
	"spriteSourceSize": {"x":0,"y":0,"w":174,"h":78},
	"sourceSize": {"w":174,"h":78},
	"pivot": {"x":0.5,"y":0.5}
},
{
	"filename": "StartEndLevelScreen/EyesOpenStraight.png",
	"frame": {"x":1963,"y":683,"w":173,"h":78},
	"rotated": true,
	"trimmed": false,
	"spriteSourceSize": {"x":0,"y":0,"w":173,"h":78},
	"sourceSize": {"w":173,"h":78},
	"pivot": {"x":0.5,"y":0.5}
},
{
	"filename": "StartEndLevelScreen/arm_left.png",
	"frame": {"x":1820,"y":1329,"w":59,"h":155},
	"rotated": true,
	"trimmed": false,
	"spriteSourceSize": {"x":0,"y":0,"w":59,"h":155},
	"sourceSize": {"w":59,"h":155},
	"pivot": {"x":0.5,"y":0.5}
},
{
	"filename": "StartEndLevelScreen/brows1.png",
	"frame": {"x":1636,"y":1329,"w":182,"h":42},
	"rotated": false,
	"trimmed": false,
	"spriteSourceSize": {"x":0,"y":0,"w":182,"h":42},
	"sourceSize": {"w":182,"h":42},
	"pivot": {"x":0.5,"y":0.5}
},
{
	"filename": "StartEndLevelScreen/brows2.png",
	"frame": {"x":1750,"y":1996,"w":186,"h":48},
	"rotated": false,
	"trimmed": false,
	"spriteSourceSize": {"x":0,"y":0,"w":186,"h":48},
	"sourceSize": {"w":186,"h":48},
	"pivot": {"x":0.5,"y":0.5}
},
{
	"filename": "StartEndLevelScreen/eyes_angry.png",
	"frame": {"x":1913,"y":365,"w":221,"h":118},
	"rotated": true,
	"trimmed": false,
	"spriteSourceSize": {"x":0,"y":0,"w":221,"h":118},
	"sourceSize": {"w":221,"h":118},
	"pivot": {"x":0.5,"y":0.5}
},
{
	"filename": "StartEndLevelScreen/shadow.png",
	"frame": {"x":1899,"y":683,"w":455,"h":62},
	"rotated": true,
	"trimmed": false,
	"spriteSourceSize": {"x":0,"y":0,"w":455,"h":62},
	"sourceSize": {"w":455,"h":62},
	"pivot": {"x":0.5,"y":0.5}
},
{
	"filename": "btnPurpleMenuWatchAdvertisement.png",
	"frame": {"x":1963,"y":858,"w":95,"h":77},
	"rotated": true,
	"trimmed": false,
	"spriteSourceSize": {"x":0,"y":0,"w":95,"h":77},
	"sourceSize": {"w":95,"h":77},
	"pivot": {"x":0.5,"y":0.5}
},
{
	"filename": "fbIconF.png",
	"frame": {"x":1938,"y":1996,"w":46,"h":78},
	"rotated": true,
	"trimmed": false,
	"spriteSourceSize": {"x":0,"y":0,"w":46,"h":78},
	"sourceSize": {"w":46,"h":78},
	"pivot": {"x":0.5,"y":0.5}
},
{
	"filename": "freeCoinsBlockBackground.png",
	"frame": {"x":1972,"y":1120,"w":77,"h":74},
	"rotated": true,
	"trimmed": false,
	"spriteSourceSize": {"x":0,"y":0,"w":77,"h":74},
	"sourceSize": {"w":77,"h":74},
	"pivot": {"x":0.5,"y":0.5}
},
{
	"filename": "giftBlockBackground.png",
	"frame": {"x":1963,"y":1039,"w":79,"h":77},
	"rotated": true,
	"trimmed": false,
	"spriteSourceSize": {"x":0,"y":0,"w":79,"h":77},
	"sourceSize": {"w":79,"h":77},
	"pivot": {"x":0.5,"y":0.5}
},
{
	"filename": "inGameNavBackground.png",
	"frame": {"x":1522,"y":1996,"w":7,"h":226},
	"rotated": true,
	"trimmed": false,
	"spriteSourceSize": {"x":0,"y":0,"w":7,"h":226},
	"sourceSize": {"w":7,"h":226},
	"pivot": {"x":0.5,"y":0.5}
},
{
	"filename": "saleBlockBackground.png",
	"frame": {"x":1963,"y":955,"w":79,"h":82},
	"rotated": false,
	"trimmed": false,
	"spriteSourceSize": {"x":0,"y":0,"w":79,"h":82},
	"sourceSize": {"w":79,"h":82},
	"pivot": {"x":0.5,"y":0.5}
},
{
	"filename": "scmallScroll.png",
	"frame": {"x":1862,"y":2,"w":599,"h":49},
	"rotated": true,
	"trimmed": false,
	"spriteSourceSize": {"x":0,"y":0,"w":599,"h":49},
	"sourceSize": {"w":599,"h":49},
	"pivot": {"x":0.5,"y":0.5}
},
{
	"filename": "star1base.png",
	"frame": {"x":1977,"y":1329,"w":69,"h":67},
	"rotated": true,
	"trimmed": false,
	"spriteSourceSize": {"x":0,"y":0,"w":69,"h":67},
	"sourceSize": {"w":69,"h":67},
	"pivot": {"x":0.5,"y":0.5}
},
{
	"filename": "star1sml.png",
	"frame": {"x":1899,"y":1140,"w":71,"h":68},
	"rotated": false,
	"trimmed": false,
	"spriteSourceSize": {"x":0,"y":0,"w":71,"h":68},
	"sourceSize": {"w":71,"h":68},
	"pivot": {"x":0.5,"y":0.5}
}],
"meta": {
	"app": "http://www.codeandweb.com/texturepacker",
	"version": "1.0",
	"image": "gameAssets0.png",
	"format": "RGBA8888",
	"size": {"w":2048,"h":2048},
	"scale": "1",
	"smartupdate": "$TexturePacker:SmartUpdate:a69c6d3c804fa91fc532128650621a35:5628c68f10d7899f7b702891e2d99286:1662196044f7174e593a6a1799a3d468$"
}
}
